<xml xmlns:o="urn:schemas-microsoft-com:office:office">
 <o:MainFile HRef="../CSRF.html"/>
 <o:File HRef="themedata.thmx"/>
 <o:File HRef="colorschememapping.xml"/>
 <o:File HRef="image001.png"/>
 <o:File HRef="image011.jpg"/>
 <o:File HRef="image003.png"/>
 <o:File HRef="image012.jpg"/>
 <o:File HRef="image005.png"/>
 <o:File HRef="image013.jpg"/>
 <o:File HRef="image007.png"/>
 <o:File HRef="image014.jpg"/>
 <o:File HRef="image009.png"/>
 <o:File HRef="image015.jpg"/>
 <o:File HRef="filelist.xml"/>
</xml>